{
    "name": "root",
    "metadata": {
        "timer_format_version": "0.1.0",
        "start_time_seconds": "1623892514",
        "python_version": "3.8.10 (tags/v3.8.10:3d8993a, May  3 2021, 11:48:03) [MSC v.1928 64 bit (AMD64)]",
        "command_line_arguments": "C:\\Users\\denys\\AppData\\Local\\Programs\\Python\\Python38\\Scripts\\mlagents-learn ml_agents\\config\\fighterRNDCURFightHeur.yaml --run-id=Curi_RNDFight1 --env=completed_build_1v1_16\\Spacy.exe --no-graphics --force --num-env=1 --time-scale=10",
        "mlagents_version": "0.26.0",
        "mlagents_envs_version": "0.26.0",
        "communication_protocol_version": "1.5.0",
        "pytorch_version": "1.8.1+cpu",
        "numpy_version": "1.19.5",
        "end_time_seconds": "1623892536"
    },
    "total": 21.467466299999998,
    "count": 1,
    "self": 0.01296469999999772,
    "children": {
        "run_training.setup": {
            "total": 0.32606890000000055,
            "count": 1,
            "self": 0.32606890000000055
        },
        "TrainerController.start_learning": {
            "total": 21.1284327,
            "count": 1,
            "self": 0.002366100000031679,
            "children": {
                "TrainerController._reset_env": {
                    "total": 12.762507699999999,
                    "count": 1,
                    "self": 12.762507699999999
                },
                "TrainerController.advance": {
                    "total": 7.750858699999977,
                    "count": 59,
                    "self": 0.001953799999963479,
                    "children": {
                        "env_step": {
                            "total": 7.746581500000012,
                            "count": 59,
                            "self": 6.38576710000001,
                            "children": {
                                "SubprocessEnvManager._take_step": {
                                    "total": 1.3596727999999878,
                                    "count": 59,
                                    "self": 0.012716099999963149,
                                    "children": {
                                        "TorchPolicy.evaluate": {
                                            "total": 1.3469567000000247,
                                            "count": 108,
                                            "self": 0.060258800000028145,
                                            "children": {
                                                "TorchPolicy.sample_actions": {
                                                    "total": 1.2866978999999965,
                                                    "count": 108,
                                                    "self": 1.2866978999999965
                                                }
                                            }
                                        }
                                    }
                                },
                                "workers": {
                                    "total": 0.0011416000000146198,
                                    "count": 58,
                                    "self": 0.0,
                                    "children": {
                                        "worker_root": {
                                            "total": 16.4266937,
                                            "count": 58,
                                            "is_parallel": true,
                                            "self": 10.271371599999974,
                                            "children": {
                                                "steps_from_proto": {
                                                    "total": 0.006691700000000189,
                                                    "count": 2,
                                                    "is_parallel": true,
                                                    "self": 0.0021556000000000353,
                                                    "children": {
                                                        "_process_rank_one_or_two_observation": {
                                                            "total": 0.004536100000000154,
                                                            "count": 8,
                                                            "is_parallel": true,
                                                            "self": 0.004536100000000154
                                                        }
                                                    }
                                                },
                                                "UnityEnvironment.step": {
                                                    "total": 6.148630400000027,
                                                    "count": 58,
                                                    "is_parallel": true,
                                                    "self": 0.017172300000014573,
                                                    "children": {
                                                        "UnityEnvironment._generate_step_input": {
                                                            "total": 0.15781730000000138,
                                                            "count": 58,
                                                            "is_parallel": true,
                                                            "self": 0.15781730000000138
                                                        },
                                                        "communicator.exchange": {
                                                            "total": 5.7838349999999945,
                                                            "count": 58,
                                                            "is_parallel": true,
                                                            "self": 5.7838349999999945
                                                        },
                                                        "steps_from_proto": {
                                                            "total": 0.18980580000001623,
                                                            "count": 116,
                                                            "is_parallel": true,
                                                            "self": 0.047090500000031454,
                                                            "children": {
                                                                "_process_rank_one_or_two_observation": {
                                                                    "total": 0.14271529999998478,
                                                                    "count": 464,
                                                                    "is_parallel": true,
                                                                    "self": 0.14271529999998478
                                                                }
                                                            }
                                                        }
                                                    }
                                                }
                                            }
                                        }
                                    }
                                }
                            }
                        },
                        "trainer_advance": {
                            "total": 0.002323400000001641,
                            "count": 58,
                            "self": 0.0014850999999822534,
                            "children": {
                                "process_trajectory": {
                                    "total": 0.0008383000000193874,
                                    "count": 58,