{
    "name": "root",
    "metadata": {
        "timer_format_version": "0.1.0",
        "start_time_seconds": "1621900070",
        "python_version": "3.8.10 (tags/v3.8.10:3d8993a, May  3 2021, 11:48:03) [MSC v.1928 64 bit (AMD64)]",
        "command_line_arguments": "C:\\Users\\denys\\AppData\\Local\\Programs\\Python\\Python38\\Scripts\\mlagents-learn fighterSAC.yaml --run-id=sac1 --force",
        "mlagents_version": "0.26.0",
        "mlagents_envs_version": "0.26.0",
        "communication_protocol_version": "1.5.0",
        "pytorch_version": "1.8.1+cpu",
        "numpy_version": "1.19.5",
        "end_time_seconds": "1621900440"
    },
    "total": 369.481842,
    "count": 1,
    "self": 0.009605200000009972,
    "children": {
        "run_training.setup": {
            "total": 0.18676400000000015,
            "count": 1,
            "self": 0.18676400000000015
        },
        "TrainerController.start_learning": {
            "total": 369.2854728,
            "count": 1,
            "self": 0.7493949000001408,
            "children": {
                "TrainerController._reset_env": {
                    "total": 16.3488603,
                    "count": 1,
                    "self": 16.3488603
                },
                "TrainerController.advance": {
                    "total": 351.5022444999998,
                    "count": 10022,
                    "self": 0.21736349999787308,
                    "children": {
                        "env_step": {
                            "total": 351.2848810000019,
                            "count": 10022,
                            "self": 273.40312090000066,
                            "children": {
                                "SubprocessEnvManager._take_step": {
                                    "total": 77.65409310000109,
                                    "count": 10022,
                                    "self": 1.2350792000009534,
                                    "children": {
                                        "TorchPolicy.evaluate": {
                                            "total": 76.41901390000014,
                                            "count": 9907,
                                            "self": 7.122311600000785,
                                            "children": {
                                                "TorchPolicy.sample_actions": {
                                                    "total": 69.29670229999935,
                                                    "count": 9907,
                                                    "self": 69.29670229999935
                                                }
                                            }
                                        }
                                    }
                                },
                                "workers": {
                                    "total": 0.2276670000002028,
                                    "count": 10021,
                                    "self": 0.0,
                                    "children": {
                                        "worker_root": {
                                            "total": 356.4991710999992,
                                            "count": 10021,
                                            "is_parallel": true,
                                            "self": 102.27438060000102,
                                            "children": {
                                                "steps_from_proto": {
                                                    "total": 0.0030976000000002557,
                                                    "count": 1,
                                                    "is_parallel": true,
                                                    "self": 0.0016798999999991793,
                                                    "children": {
                                                        "_process_rank_one_or_two_observation": {
                                                            "total": 0.0014177000000010764,
                                                            "count": 2,
                                                            "is_parallel": true,
                                                            "self": 0.0014177000000010764
                                                        }
                                                    }
                                                },
                                                "UnityEnvironment.step": {
                                                    "total": 254.2216928999982,
                                                    "count": 10021,
                                                    "is_parallel": true,
                                                    "self": 1.1531702999975835,
                                                    "children": {
                                                        "UnityEnvironment._generate_step_input": {
                                                            "total": 3.2041285999982385,
                                                            "count": 10021,
                                                            "is_parallel": true,
                                                            "self": 3.2041285999982385
                                                        },
                                                        "communicator.exchange": {
                                                            "total": 244.18789919999907,
                                                            "count": 10021,
                                                            "is_parallel": true,
                                                            "self": 244.18789919999907
                                                        },
                                                        "steps_from_proto": {
                                                            "total": 5.676494800003333,
                                                            "count": 10021,
                                                            "is_parallel": true,
                                                            "self": 3.6516144000083663,
                                                            "children": {
                                                                "_process_rank_one_or_two_observation": {
                                                                    "total": 2.0248803999949665,
                                                                    "count": 20042,
                                                                    "is_parallel": true,
                                                                    "self": 2.0248803999949665
                                                                }
                                                            }
                                                        }
                                                    }
                                                }
                                            }
                                        }
                                    }
                                }
                            }
                        }
                    }
                },
                "trainer_threads": {
                    "total": 3.710000004275571e-05,
                    "count": 1,
                    "self": 3.710000004275571e-05,
                    "children": {
                        "thread_root": {
                            "total": 0.0,
                            "count": 0,
                            "is_parallel": true,
                            "self": 0.0,