{
    "name": "root",
    "metadata": {
        "timer_format_version": "0.1.0",
        "start_time_seconds": "1622150978",
        "python_version": "3.8.10 (tags/v3.8.10:3d8993a, May  3 2021, 11:48:03) [MSC v.1928 64 bit (AMD64)]",
        "command_line_arguments": "C:\\Users\\denys\\AppData\\Local\\Programs\\Python\\Python38\\Scripts\\mlagents-learn --force --run-id=tester --time-scale=5 ml_agents\\config\\fighter.yaml",
        "mlagents_version": "0.26.0",
        "mlagents_envs_version": "0.26.0",
        "communication_protocol_version": "1.5.0",
        "pytorch_version": "1.8.1+cpu",
        "numpy_version": "1.19.5",
        "end_time_seconds": "1622151023"
    },
    "total": 44.5082872,
    "count": 1,
    "self": 0.009099099999993143,
    "children": {
        "run_training.setup": {
            "total": 0.18737850000000011,
            "count": 1,
            "self": 0.18737850000000011
        },
        "TrainerController.start_learning": {
            "total": 44.311809600000004,
            "count": 1,
            "self": 0.009313600000020017,
            "children": {
                "TrainerController._reset_env": {
                    "total": 11.6723353,
                    "count": 1,
                    "self": 11.6723353
                },
                "TrainerController.advance": {
                    "total": 31.73482739999998,
                    "count": 267,
                    "self": 0.008319700000022578,
                    "children": {
                        "env_step": {
                            "total": 26.1610848,
                            "count": 267,
                            "self": 23.49438140000005,
                            "children": {
                                "SubprocessEnvManager._take_step": {
                                    "total": 2.6617511999999763,
                                    "count": 267,
                                    "self": 0.03464760000001732,
                                    "children": {
                                        "TorchPolicy.evaluate": {
                                            "total": 2.627103599999959,
                                            "count": 232,
                                            "self": 0.13315469999992402,
                                            "children": {
                                                "TorchPolicy.sample_actions": {
                                                    "total": 2.493948900000035,
                                                    "count": 232,
                                                    "self": 2.493948900000035
                                                }
                                            }
                                        }
                                    }
                                },
                                "workers": {
                                    "total": 0.004952199999973317,
                                    "count": 266,
                                    "self": 0.0,
                                    "children": {
                                        "worker_root": {
                                            "total": 34.36180080000003,
                                            "count": 266,
                                            "is_parallel": true,
                                            "self": 11.633542199999965,
                                            "children": {
                                                "steps_from_proto": {
                                                    "total": 0.0014567999999997028,
                                                    "count": 1,
                                                    "is_parallel": true,
                                                    "self": 0.0003705000000007175,
                                                    "children": {
                                                        "_process_rank_one_or_two_observation": {
                                                            "total": 0.0010862999999989853,
                                                            "count": 4,
                                                            "is_parallel": true,
                                                            "self": 0.0010862999999989853
                                                        }
                                                    }
                                                },
                                                "UnityEnvironment.step": {
                                                    "total": 22.726801800000068,
                                                    "count": 266,
                                                    "is_parallel": true,
                                                    "self": 0.0428891000000462,
                                                    "children": {
                                                        "UnityEnvironment._generate_step_input": {
                                                            "total": 0.39312160000004326,
                                                            "count": 266,
                                                            "is_parallel": true,
                                                            "self": 0.39312160000004326
                                                        },
                                                        "communicator.exchange": {
                                                            "total": 21.833403099999963,
                                                            "count": 266,
                                                            "is_parallel": true,
                                                            "self": 21.833403099999963
                                                        },
                                                        "steps_from_proto": {
                                                            "total": 0.4573880000000159,
                                                            "count": 266,
                                                            "is_parallel": true,
                                                            "self": 0.10013820000010476,
                                                            "children": {
                                                                "_process_rank_one_or_two_observation": {
                                                                    "total": 0.35724979999991113,
                                                                    "count": 1064,
                                                                    "is_parallel": true,
                                                                    "self": 0.35724979999991113
                                                                }
                                                            }
                                                        }
                                                    }
                                                }
                                            }
                                        }
                                    }
                                }
                            }
                        },
                        "trainer_advance": {
                            "total": 5.565422899999955,
                            "count": 266,
                            "self": 0.02063269999997175,
                            "children": {
                                "process_trajectory": {
                                    "total": 5.544790199999984,
                                    "count": 266,