{
    "name": "root",
    "metadata": {
        "timer_format_version": "0.1.0",
        "start_time_seconds": "1622851997",
        "python_version": "3.8.10 (tags/v3.8.10:3d8993a, May  3 2021, 11:48:03) [MSC v.1928 64 bit (AMD64)]",
        "command_line_arguments": "C:\\Users\\denys\\AppData\\Local\\Programs\\Python\\Python38\\Scripts\\mlagents-learn --force --run-id=tester --time-scale=1 ml_agents\\config\\fighterRNDCURFight.yaml",
        "mlagents_version": "0.26.0",
        "mlagents_envs_version": "0.26.0",
        "communication_protocol_version": "1.5.0",
        "pytorch_version": "1.8.1+cpu",
        "numpy_version": "1.19.5",
        "end_time_seconds": "1622852068"
    },
    "total": 70.41586319999999,
    "count": 1,
    "self": 0.018848800000000665,
    "children": {
        "run_training.setup": {
            "total": 0.18412560000000022,
            "count": 1,
            "self": 0.18412560000000022
        },
        "TrainerController.start_learning": {
            "total": 70.21288879999999,
            "count": 1,
            "self": 0.020499200000060114,
            "children": {
                "TrainerController._reset_env": {
                    "total": 26.604469899999998,
                    "count": 1,
                    "self": 26.604469899999998
                },
                "TrainerController.advance": {
                    "total": 42.60554919999994,
                    "count": 195,
                    "self": 0.003657499999910385,
                    "children": {
                        "env_step": {
                            "total": 42.60189170000003,
                            "count": 195,
                            "self": 38.73928070000001,
                            "children": {
                                "SubprocessEnvManager._take_step": {
                                    "total": 3.8588137999999965,
                                    "count": 195,
                                    "self": 0.05239280000000335,
                                    "children": {
                                        "TorchPolicy.evaluate": {
                                            "total": 3.806420999999993,
                                            "count": 390,
                                            "self": 0.22627630000005183,
                                            "children": {
                                                "TorchPolicy.sample_actions": {
                                                    "total": 3.5801446999999413,
                                                    "count": 390,
                                                    "self": 3.5801446999999413
                                                }
                                            }
                                        }
                                    }
                                },
                                "workers": {
                                    "total": 0.0037972000000259243,
                                    "count": 194,
                                    "self": 0.0,
                                    "children": {
                                        "worker_root": {
                                            "total": 46.19662220000004,
                                            "count": 194,
                                            "is_parallel": true,
                                            "self": 8.234629600000034,
                                            "children": {
                                                "steps_from_proto": {
                                                    "total": 0.0016834000000045535,
                                                    "count": 2,
                                                    "is_parallel": true,
                                                    "self": 0.0005585000000110085,
                                                    "children": {
                                                        "_process_rank_one_or_two_observation": {
                                                            "total": 0.001124899999993545,
                                                            "count": 8,
                                                            "is_parallel": true,
                                                            "self": 0.001124899999993545
                                                        }
                                                    }
                                                },
                                                "UnityEnvironment.step": {
                                                    "total": 37.960309200000005,
                                                    "count": 194,
                                                    "is_parallel": true,
                                                    "self": 0.04837250000002058,
                                                    "children": {
                                                        "UnityEnvironment._generate_step_input": {
                                                            "total": 0.41395869999996293,
                                                            "count": 194,
                                                            "is_parallel": true,
                                                            "self": 0.41395869999996293
                                                        },
                                                        "communicator.exchange": {
                                                            "total": 37.005490499999986,
                                                            "count": 194,
                                                            "is_parallel": true,
                                                            "self": 37.005490499999986
                                                        },
                                                        "steps_from_proto": {
                                                            "total": 0.49248750000003483,
                                                            "count": 388,
                                                            "is_parallel": true,
                                                            "self": 0.15222270000006333,
                                                            "children": {
                                                                "_process_rank_one_or_two_observation": {
                                                                    "total": 0.3402647999999715,
                                                                    "count": 1552,
                                                                    "is_parallel": true,
                                                                    "self": 0.3402647999999715
                                                                }
                                                            }
                                                        }
                                                    }
                                                }
                                            }
                                        }
                                    }
                                }
                            }
                        }
                    }
                },
                "trainer_threads": {
                    "total": 2.4899999999661304e-05,
                    "count": 1,
                    "self": 2.4899999999661304e-05,
                    "children": {
                        "thread_root": {
                            "total": 0.0,
                            "count": 0,
                            "is_parallel": true,
                            "self": 0.0,