{
    "name": "root",
    "gauges": {
        "fighterBrain.Policy.Entropy.mean": {
            "value": 2.942573070526123,
            "min": 2.6682772636413574,
            "max": 4.83770751953125,
            "count": 703
        },
        "fighterBrain.Policy.Entropy.sum": {
            "value": 59416.4375,
            "min": 52170.15625,
            "max": 121445.8125,
            "count": 703
        },
        "fighterBrain.Environment.EpisodeLength.mean": {
            "value": 40.74418604651163,
            "min": 35.14337568058076,
            "max": 144.18939393939394,
            "count": 703
        },
        "fighterBrain.Environment.EpisodeLength.sum": {
            "value": 19272.0,
            "min": 18073.0,
            "max": 21495.0,
            "count": 703
        },
        "fighterBrain.Step.mean": {
            "value": 14059960.0,
            "min": 19937.0,
            "max": 14059960.0,
            "count": 703
        },
        "fighterBrain.Step.sum": {
            "value": 14059960.0,
            "min": 19937.0,
            "max": 14059960.0,
            "count": 703
        },
        "fighterBrain.Policy.ExtrinsicValueEstimate.mean": {
            "value": 0.08428338915109634,
            "min": -1.2141104936599731,
            "max": 0.3293762803077698,
            "count": 703
        },
        "fighterBrain.Policy.ExtrinsicValueEstimate.sum": {
            "value": 40.877445220947266,
            "min": -332.666259765625,
            "max": 82.67344665527344,
            "count": 703
        },
        "fighterBrain.Policy.CuriosityValueEstimate.mean": {
            "value": 1.660589337348938,
            "min": 0.0814797580242157,
            "max": 1.8240766525268555,
            "count": 703
        },
        "fighterBrain.Policy.CuriosityValueEstimate.sum": {
            "value": 805.3858032226562,
            "min": 28.110517501831055,
            "max": 955.69677734375,
            "count": 703
        },
        "fighterBrain.Policy.RndValueEstimate.mean": {
            "value": -0.0007919846684671938,
            "min": -0.0680924579501152,
            "max": 0.7176181674003601,
            "count": 703
        },
        "fighterBrain.Policy.RndValueEstimate.sum": {
            "value": -0.38411256670951843,
            "min": -16.001728057861328,
            "max": 196.62738037109375,
            "count": 703
        },
        "fighterBrain.Environment.CumulativeReward.mean": {
            "value": 0.11257692437469329,
            "min": -6.494387588004272,
            "max": 0.19227409319314778,
            "count": 703
        },
        "fighterBrain.Environment.CumulativeReward.sum": {
            "value": 53.24888522922993,
            "min": -1948.3162764012814,
            "max": 79.0148413181305,
            "count": 703
        },
        "fighterBrain.Policy.ExtrinsicReward.mean": {
            "value": 0.10807384211121099,
            "min": -6.234611982256174,
            "max": 0.18458312498874943,
            "count": 703
        },
        "fighterBrain.Policy.ExtrinsicReward.sum": {
            "value": 51.1189273186028,
            "min": -1870.3835946768522,
            "max": 75.85424538701773,
            "count": 703
        },
        "fighterBrain.Policy.CuriosityReward.mean": {
            "value": 0.03887271929983183,
            "min": 0.014226500694265311,
            "max": 0.6612380733922324,
            "count": 703
        },
        "fighterBrain.Policy.CuriosityReward.sum": {
            "value": 18.386796228820458,
            "min": 7.426233362406492,
            "max": 147.45609036646783,
            "count": 703
        },
        "fighterBrain.Policy.RndReward.mean": {
            "value": 2.232551276946752e-08,
            "min": 2.7760163986550277e-09,
            "max": 0.0018586266226668614,
            "count": 703
        },
        "fighterBrain.Policy.RndReward.sum": {
            "value": 1.0559967539958137e-05,
            "min": 1.5295850356589202e-06,
            "max": 0.5575879868000584,
            "count": 703
        },
        "fighterBrain.Losses.PolicyLoss.mean": {
            "value": 0.09245673774260393,
            "min": 0.05997414325305947,
            "max": 0.10755439297905048,
            "count": 703
        },
        "fighterBrain.Losses.PolicyLoss.sum": {
            "value": 0.18491347548520787,
            "min": 0.05997414325305947,
            "max": 0.20282898598739207,
            "count": 703
        },
        "fighterBrain.Losses.ValueLoss.mean": {
            "value": 0.012588970572871196,
            "min": 0.001086708845188176,
            "max": 1.057175020314753,
            "count": 703
        },
        "fighterBrain.Losses.ValueLoss.sum": {
            "value": 0.025177941145742393,
            "min": 0.001086708845188176,
            "max": 1.057175020314753,
            "count": 703
        },
        "fighterBrain.Policy.LearningRate.mean": {
            "value": 0.0002,
            "min": 0.0002,
            "max": 0.00020000000000000004,
            "count": 703
        },
        "fighterBrain.Policy.LearningRate.sum": {
            "value": 0.0004,
            "min": 0.0002,
            "max": 0.0004000000000000001,
            "count": 703
        },
        "fighterBrain.Policy.Epsilon.mean": {
            "value": 0.22000000000000003,
            "min": 0.22,
            "max": 0.22000000000000003,
            "count": 703
        },
        "fighterBrain.Policy.Epsilon.sum": {
            "value": 0.44000000000000006,
            "min": 0.22,
            "max": 0.44000000000000006,
            "count": 703
        },
        "fighterBrain.Policy.Beta.mean": {
            "value": 0.0014999999999999996,
            "min": 0.0014999999999999996,
            "max": 0.0015,
            "count": 703
        },
        "fighterBrain.Policy.Beta.sum": {
            "value": 0.002999999999999999,
            "min": 0.0014999999999999996,
            "max": 0.0029999999999999996,
            "count": 703
        },
        "fighterBrain.Losses.CuriosityForwardLoss.mean": {
            "value": 0.02954012828652198,
            "min": 0.014393174449320544,
            "max": 1.1596293246839195,
            "count": 703
        },
        "fighterBrain.Losses.CuriosityForwardLoss.sum": {
            "value": 0.05908025657304396,
            "min": 0.014393174449320544,
            "max": 1.1596293246839195,
            "count": 703
        },
        "fighterBrain.Losses.CuriosityInverseLoss.mean": {
            "value": 1.5623061424646623,
            "min": 1.4117551226168872,
            "max": 4.846744586527348,
            "count": 703
        },
        "fighterBrain.Losses.CuriosityInverseLoss.sum": {
            "value": 3.1246122849293245,
            "min": 1.4117551226168872,
            "max": 8.950849325006658,
            "count": 703
        },
        "fighterBrain.Losses.RNDLoss.mean": {
            "value": 1.9542869722499745e-07,
            "min": 1.7471688096293292e-08,
            "max": 0.00016273949586320668,
            "count": 703
        },
        "fighterBrain.Losses.RNDLoss.sum": {
            "value": 3.908573944499949e-07,
            "min": 1.7471688096293292e-08,
            "max": 0.00016273949586320668,
            "count": 703
        },
        "fighterBrain.IsTraining.mean": {
            "value": 1.0,
            "min": 1.0,
            "max": 1.0,
            "count": 703
        },
        "fighterBrain.IsTraining.sum": {
            "value": 1.0,
            "min": 1.0,
            "max": 1.0,
            "count": 703
        }
    },
    "metadata": {
        "timer_format_version": "0.1.0",
        "start_time_seconds": "1622174500",
        "python_version": "3.8.10 (tags/v3.8.10:3d8993a, May  3 2021, 11:48:03) [MSC v.1928 64 bit (AMD64)]",