{"count":1,"self":60.303135999999995,"total":4024.7998092999997,"children":{"InitializeActuators":{"count":1,"self":0.0039997999999999995,"total":0.0039997999999999995,"children":null},"InitializeSensors":{"count":1,"self":0.0069998,"total":0.0069998,"children":null},"AgentSendState":{"count":253858,"self":1.1921298999999999,"total":5.3951619,"children":{"CollectObservations":{"count":50772,"self":0.6189312,"total":0.6189312,"children":null},"WriteActionMask":{"count":50772,"self":0.0799928,"total":0.0799928,"children":null},"RequestDecision":{"count":50772,"self":0.24001139999999999,"total":3.504108,"children":{"AgentInfo.ToProto":{"count":50772,"self":0.3550001,"total":3.2640966,"children":{"GenerateSensorData":{"count":50772,"self":2.9090963999999997,"total":2.9090965,"children":null}}}}}}},"DecideAction":{"count":253858,"self":3957.0399232,"total":3957.0399576,"children":null},"AgentAct":{"count":253858,"self":2.0275276,"total":2.0345367999999997,"children":{"AgentInfo.ToProto":{"count":168,"self":0,"total":0.0070091999999999993,"children":{"GenerateSensorData":{"count":168,"self":0.0070091999999999993,"total":0.0070091999999999993,"children":null}}}}},"AgentInfo.ToProto":{"count":214,"self":0.0030028999999999998,"total":0.012009299999999999,"children":{"GenerateSensorData":{"count":214,"self":0.0090064,"total":0.0090064,"children":null}}}},"gauges":{"fighterBrain.CumulativeReward":{"count":382,"max":0.5300001,"min":-5.39002848,"runningAverage":-1.14917743,"value":-0.200000018,"weightedAverage":-0.207016617}},"metadata":{"timer_format_version":"0.1.0","start_time_seconds":"1621987392","unity_version":"2020.3.9f1","command_line_arguments":"C:\\Users\\denys\\Spacy\\completed_build\\Spacy.exe --mlagents-port 5006 -logFile C:\\Users\\denys\\Spacy\\results\\buffer1\\run_logs\\Player-1.log","communication_protocol_version":"1.5.0","com.unity.ml-agents_version":"2.0.0-pre.3","scene_name":"spacy","end_time_seconds":"1621991417"}}