{"count":1,"self":520.3108864,"total":3706.7995164,"children":{"InitializeActuators":{"count":32,"self":0.0039886999999999995,"total":0.0039886999999999995,"children":null},"InitializeSensors":{"count":32,"self":0.0039922,"total":0.0039922,"children":null},"AgentSendState":{"count":20467,"self":8.4195695999999991,"total":37.0435786,"children":{"CollectObservations":{"count":321348,"self":7.5833296,"total":7.5833292,"children":null},"WriteActionMask":{"count":321348,"self":1.9526451999999999,"total":1.9526451999999999,"children":null},"RequestDecision":{"count":321348,"self":5.1882095999999995,"total":19.0880343,"children":{"AgentInfo.ToProto":{"count":157604,"self":2.9495489999999998,"total":13.8998248,"children":{"GenerateSensorData":{"count":157604,"self":10.950275999999999,"total":10.9502758,"children":null}}}}}}},"DecideAction":{"count":20467,"self":3143.508992,"total":3143.5089021999997,"children":null},"AgentAct":{"count":20467,"self":5.7421744,"total":5.7421742999999994,"children":null},"AgentInfo.ToProto":{"count":1350,"self":0.0390092,"total":0.1839794,"children":{"GenerateSensorData":{"count":1350,"self":0.1449702,"total":0.1449702,"children":null}}}},"gauges":{"fighterBrain.CumulativeReward":{"count":2700,"max":0.9899,"min":-1.76639867,"runningAverage":-0.263600558,"value":0.7337996,"weightedAverage":-0.201847419}},"metadata":{"timer_format_version":"0.1.0","start_time_seconds":"1623887060","unity_version":"2020.3.9f1","command_line_arguments":"C:\\Program Files\\Unity\\Hub\\Editor\\2020.3.9f1\\Editor\\Unity.exe -projectpath C:\/Users\/denys\/Documents\/GitHub\/unity_AI\/Unity-AI -useHub -hubIPC -cloudEnvironment production -hubSessionId c1a9b560-ced6-11eb-8e30-5b97a6338272 -accessToken HH8PTonPZwBdXsWhRv3K1IZbe7PSUBUOhjD6gzC3SeA003f","communication_protocol_version":"1.5.0","com.unity.ml-agents_version":"2.1.0-exp.1","scene_name":"1v1_16","end_time_seconds":"1623890767"}}