{"count":1,"self":273.8625536,"total":462.9674988,"children":{"InitializeActuators":{"count":2,"self":0.0040006999999999994,"total":0.0040006999999999994,"children":null},"InitializeSensors":{"count":2,"self":0.0040041999999999994,"total":0.0040041999999999994,"children":null},"AgentSendState":{"count":14208,"self":0.2981064,"total":0.5281738,"children":{"CollectObservations":{"count":5684,"self":0.1220459,"total":0.1220459,"children":null},"WriteActionMask":{"count":5684,"self":0.023011399999999998,"total":0.023011399999999998,"children":null},"RequestDecision":{"count":5684,"self":0.085010099999999991,"total":0.085010099999999991,"children":null}}},"DecideAction":{"count":14208,"self":188.2769792,"total":188.2769799,"children":null},"AgentAct":{"count":14208,"self":0.2897788,"total":0.2897788,"children":null}},"gauges":{"fighterBrain.CumulativeReward":{"count":50,"max":0.8072994,"min":-1.64009964,"runningAverage":-0.4620802,"value":-1.3785969,"weightedAverage":-0.603355}},"metadata":{"timer_format_version":"0.1.0","start_time_seconds":"1623882662","unity_version":"2020.3.9f1","command_line_arguments":"C:\\Program Files\\Unity\\Hub\\Editor\\2020.3.9f1\\Editor\\Unity.exe -projectpath C:\/Users\/denys\/Documents\/GitHub\/unity_AI\/Unity-AI -useHub -hubIPC -cloudEnvironment production -hubSessionId c1a9b560-ced6-11eb-8e30-5b97a6338272 -accessToken HH8PTonPZwBdXsWhRv3K1IZbe7PSUBUOhjD6gzC3SeA003f","communication_protocol_version":"1.5.0","com.unity.ml-agents_version":"2.1.0-exp.1","scene_name":"1v1_16","end_time_seconds":"1623883125"}}