{
    "name": "root",
    "gauges": {
        "fighterBrain.Policy.Entropy.mean": {
            "value": 1.2213729619979858,
            "min": 0.882098913192749,
            "max": 4.80333948135376,
            "count": 50
        },
        "fighterBrain.Policy.Entropy.sum": {
            "value": 12214.951171875,
            "min": 8674.560546875,
            "max": 51748.328125,
            "count": 50
        },
        "fighterBrain.Environment.EpisodeLength.mean": {
            "value": 169.55172413793105,
            "min": 70.11764705882354,
            "max": 194.72340425531914,
            "count": 50
        },
        "fighterBrain.Environment.EpisodeLength.sum": {
            "value": 9834.0,
            "min": 9104.0,
            "max": 10723.0,
            "count": 50
        },
        "fighterBrain.Step.mean": {
            "value": 499995.0,
            "min": 9944.0,
            "max": 499995.0,
            "count": 50
        },
        "fighterBrain.Step.sum": {
            "value": 499995.0,
            "min": 9944.0,
            "max": 499995.0,
            "count": 50
        },
        "fighterBrain.Policy.ExtrinsicValue.mean": {
            "value": 0.12590819597244263,
            "min": 0.1255836933851242,
            "max": 2.9700865745544434,
            "count": 50
        },
        "fighterBrain.Policy.ExtrinsicValue.sum": {
            "value": 25.181638717651367,
            "min": 24.865570068359375,
            "max": 674.14208984375,
            "count": 50
        },
        "fighterBrain.Policy.CuriosityValue.mean": {
            "value": 0.4522947669029236,
            "min": 0.39879533648490906,
            "max": 3.4647228717803955,
            "count": 50
        },
        "fighterBrain.Policy.CuriosityValue.sum": {
            "value": 90.45895385742188,
            "min": 90.45895385742188,
            "max": 758.6911010742188,
            "count": 50
        },
        "fighterBrain.Environment.CumulativeReward.mean": {
            "value": -0.1853050690586284,
            "min": -2.1937520417233562,
            "max": -0.14951664892335734,
            "count": 50
        },
        "fighterBrain.Environment.CumulativeReward.sum": {
            "value": -10.932999074459076,
            "min": -258.97098851948977,
            "max": -8.97099893540144,
            "count": 50
        },
        "fighterBrain.Policy.ExtrinsicReward.mean": {
            "value": -0.1853050690586284,
            "min": -2.1937520417233562,
            "max": -0.14951664892335734,
            "count": 50
        },
        "fighterBrain.Policy.ExtrinsicReward.sum": {
            "value": -10.932999074459076,
            "min": -258.97098851948977,
            "max": -8.97099893540144,
            "count": 50
        },
        "fighterBrain.Policy.CuriosityReward.mean": {
            "value": 0.1938453159133225,
            "min": 0.036036736902430436,
            "max": 1.7353758997310815,
            "count": 50
        },
        "fighterBrain.Policy.CuriosityReward.sum": {
            "value": 11.436873638886027,
            "min": 3.3479607657063752,
            "max": 209.98048386746086,
            "count": 50
        },
        "fighterBrain.Losses.PolicyLoss.mean": {
            "value": -2.0053530284488863,
            "min": -22.190239481646692,
            "max": -2.0053530284488863,
            "count": 50
        },
        "fighterBrain.Losses.PolicyLoss.sum": {
            "value": -2007.3583814773353,
            "min": -22948.76098023326,
            "max": -1961.5243517019844,
            "count": 50
        },
        "fighterBrain.Losses.ValueLoss.mean": {
            "value": 8.854081761034465e-05,
            "min": 8.854081761034465e-05,
            "max": 0.008543610638596641,
            "count": 50
        },
        "fighterBrain.Losses.ValueLoss.sum": {
            "value": 0.088629358427955,
            "min": 0.088629358427955,
            "max": 8.321476761993129,
            "count": 50
        },
        "fighterBrain.Losses.Q1Loss.mean": {
            "value": 0.00012020936117872553,
            "min": 0.00012020936117872553,
            "max": 0.024672823260160806,
            "count": 50
        },
        "fighterBrain.Losses.Q1Loss.sum": {
            "value": 0.12032957053990426,
            "min": 0.12032957053990426,
            "max": 23.770885913377647,
            "count": 50
        },
        "fighterBrain.Losses.Q2Loss.mean": {
            "value": 0.00012648332960158923,
            "min": 0.00012598380830312547,
            "max": 0.024466173530476233,
            "count": 50
        },
        "fighterBrain.Losses.Q2Loss.sum": {
            "value": 0.1266098129311908,
            "min": 0.12535388926160984,
            "max": 23.672100840156716,
            "count": 50
        },
        "fighterBrain.Policy.DiscreteEntropyCoeff.mean": {
            "value": 0.008090949817808234,
            "min": 0.007533052880888249,
            "max": 0.4356947136675222,
            "count": 50
        },
        "fighterBrain.Policy.DiscreteEntropyCoeff.sum": {
            "value": 8.099040767626043,
            "min": 7.446449476875503,
            "max": 424.36665111216666,
            "count": 50
        },
        "fighterBrain.Policy.ContinuousEntropyCoeff.mean": {
            "value": 0.5,
            "min": 0.5,
            "max": 0.5,
            "count": 50
        },
        "fighterBrain.Policy.ContinuousEntropyCoeff.sum": {
            "value": 500.5,
            "min": 456.0,
            "max": 546.5,
            "count": 50
        },
        "fighterBrain.Policy.LearningRate.mean": {
            "value": 0.00030000000000000003,
            "min": 0.0003,
            "max": 0.00030000000000000003,
            "count": 50
        },
        "fighterBrain.Policy.LearningRate.sum": {
            "value": 0.3003,
            "min": 0.27359999999999995,
            "max": 0.3279,
            "count": 50
        },
        "fighterBrain.Losses.CuriosityForwardLoss.mean": {
            "value": 0.06226347020538666,
            "min": 0.01566420410710324,
            "max": 1.7111449374398473,
            "count": 50
        },
        "fighterBrain.Losses.CuriosityForwardLoss.sum": {
            "value": 62.32573367559205,
            "min": 15.836510352281376,
            "max": 1666.6551690664112,
            "count": 50
        },
        "fighterBrain.Losses.CuriosityInverseLoss.mean": {
            "value": 1.4118852489867957,
            "min": 1.4118852489867957,
            "max": 4.825634893139708,
            "count": 50
        },
        "fighterBrain.Losses.CuriosityInverseLoss.sum": {
            "value": 1413.2971342357826,
            "min": 1334.5795894934845,
            "max": 5199.541679019511,
            "count": 50
        },
        "fighterBrain.IsTraining.mean": {
            "value": 1.0,
            "min": 1.0,
            "max": 1.0,
            "count": 50
        },
        "fighterBrain.IsTraining.sum": {
            "value": 1.0,
            "min": 1.0,
            "max": 1.0,
            "count": 50
        }
    },
    "metadata": {
        "timer_format_version": "0.1.0",
        "start_time_seconds": "1621904944",
        "python_version": "3.8.10 (tags/v3.8.10:3d8993a, May  3 2021, 11:48:03) [MSC v.1928 64 bit (AMD64)]",
        "command_line_arguments": "C:\\Users\\denys\\AppData\\Local\\Programs\\Python\\Python38\\Scripts\\mlagents-learn ml_agents\\config\\fighterSAC.yaml --run-id=sac1 --env=completed_build\\Spacy.exe --num-env=2 --force",
        "mlagents_version": "0.26.0",
        "mlagents_envs_version": "0.26.0",
        "communication_protocol_version": "1.5.0",
        "pytorch_version": "1.8.1+cpu",
        "numpy_version": "1.19.5",
        "end_time_seconds": "1621913384"
    },
    "total": 8439.7484487,
    "count": 1,
    "self": 0.39347519999864744,