{"count":1,"self":8.398664,"total":2481.1764660999997,"children":{"InitializeActuators":{"count":32,"self":0.0030004999999999997,"total":0.0030004999999999997,"children":null},"InitializeSensors":{"count":32,"self":0.0069981999999999996,"total":0.0069981999999999996,"children":null},"AgentSendState":{"count":5247,"self":0.96797289999999991,"total":7.0666294999999995,"children":{"CollectObservations":{"count":167904,"self":0.9918884,"total":0.9918884,"children":null},"WriteActionMask":{"count":167904,"self":0.23709539999999998,"total":0.23709539999999998,"children":null},"RequestDecision":{"count":167904,"self":0.89037769999999994,"total":4.8696728,"children":{"AgentInfo.ToProto":{"count":83952,"self":0.4099541,"total":3.9792951,"children":{"GenerateSensorData":{"count":83952,"self":3.5693408,"total":3.5693409999999997,"children":null}}}}}}},"DecideAction":{"count":5247,"self":2464.6541312,"total":2464.6540694,"children":null},"AgentAct":{"count":5247,"self":0.71627679999999994,"total":0.71627679999999994,"children":null},"AgentInfo.ToProto":{"count":5082,"self":0.039908,"total":0.32782839999999996,"children":{"GenerateSensorData":{"count":5082,"self":0.28792039999999997,"total":0.28792039999999997,"children":null}}}},"gauges":{"fighterBrain.CumulativeReward":{"count":5145,"max":0.7395997,"min":-1.9389993,"runningAverage":-0.02015867,"value":-0.0001,"weightedAverage":-0.182028249}},"metadata":{"timer_format_version":"0.1.0","start_time_seconds":"1624227417","unity_version":"2020.3.9f1","command_line_arguments":"C:\\Users\\denys\\Documents\\GitHub\\unity_AI\\Unity-AI\\completed_build_1v_16_lstm_static\\Spacy.exe -nographics -batchmode --mlagents-port 5005 -logFile C:\\Users\\denys\\Documents\\GitHub\\unity_AI\\Unity-AI\\results\\Curi_CURStat2\\run_logs\\Player-0.log","communication_protocol_version":"1.5.0","com.unity.ml-agents_version":"2.1.0-exp.1","scene_name":"1_v_16","end_time_seconds":"1624229898"}}